{"cameraMode":{"drawMode":0,"name":"Shaded","section":"Shading Mode"},"sceneLighting":true,"audioPlay":false,"sceneViewState":{"showFog":false,"showMaterialUpdate":false,"showSkybox":false,"showFlares":false,"showImageEffects":false,"showParticleSystems":false},"in2DMode":false,"pivot":{"x":1.0987155437469483,"y":1.8205792903900147,"z":-0.3016730546951294},"rotation":{"x":0.040955446660518649,"y":-0.8943107724189758,"z":0.08369111269712448,"w":0.43764743208885195},"size":5.107395172119141,"orthographic":false}