{"cameraMode":{"drawMode":0,"name":"Shaded","section":"Shading Mode"},"sceneLighting":true,"audioPlay":false,"sceneViewState":{"showFog":false,"showMaterialUpdate":false,"showSkybox":false,"showFlares":false,"showImageEffects":false,"showParticleSystems":false},"in2DMode":false,"pivot":{"x":0.11478233337402344,"y":1.276424527168274,"z":0.2531013488769531},"rotation":{"x":-0.14061719179153443,"y":0.15290330350399018,"z":-0.021989472210407258,"w":-0.9779478907585144},"size":14.819613456726075,"orthographic":false}