{"cameraMode":{"drawMode":0,"name":"Shaded","section":"Shading Mode"},"sceneLighting":false,"audioPlay":false,"sceneViewState":{"showFog":false,"showMaterialUpdate":false,"showSkybox":false,"showFlares":false,"showImageEffects":false,"showParticleSystems":false},"in2DMode":false,"pivot":{"x":8.958242416381836,"y":10.638091087341309,"z":49.81609344482422},"rotation":{"x":0.07660333067178726,"y":-0.8970574140548706,"z":0.17156100273132325,"w":0.4002677798271179},"size":20.74224281311035,"orthographic":true}