{"cameraMode":{"drawMode":0,"name":"Shaded","section":"Shading Mode"},"sceneLighting":false,"audioPlay":false,"sceneViewState":{"showFog":false,"showMaterialUpdate":false,"showSkybox":false,"showFlares":false,"showImageEffects":false,"showParticleSystems":false},"in2DMode":false,"pivot":{"x":23.56519889831543,"y":1.213613510131836,"z":1.1828999519348145},"rotation":{"x":-0.00033230692497454584,"y":-0.9925554394721985,"z":0.12269148230552674,"w":-0.0032873633317649366},"size":20.27391242980957,"orthographic":true}