{"cameraMode":{"drawMode":0,"name":"Shaded","section":"Shading Mode"},"sceneLighting":true,"audioPlay":false,"sceneViewState":{"showFog":false,"showMaterialUpdate":false,"showSkybox":false,"showFlares":false,"showImageEffects":false,"showParticleSystems":false},"in2DMode":false,"pivot":{"x":0.6080570220947266,"y":-3.5886764526367189,"z":-3.999591827392578},"rotation":{"x":0.18707974255084992,"y":0.2332492172718048,"z":-0.045786961913108829,"w":0.9531654119491577},"size":28.896743774414064,"orthographic":false}