{"cameraMode":{"drawMode":0,"name":"Shaded","section":"Shading Mode"},"sceneLighting":false,"audioPlay":false,"sceneViewState":{"showFog":false,"showMaterialUpdate":false,"showSkybox":false,"showFlares":false,"showImageEffects":false,"showParticleSystems":false},"in2DMode":false,"pivot":{"x":0.0,"y":11.836135864257813,"z":0.951995849609375},"rotation":{"x":0.021207885816693307,"y":0.9756653308868408,"z":-0.10963388532400131,"w":0.18876336514949799},"size":20.742238998413087,"orthographic":true}