{"cameraMode":{"drawMode":0,"name":"Shaded","section":"Shading Mode"},"sceneLighting":false,"audioPlay":false,"sceneViewState":{"showFog":false,"showMaterialUpdate":false,"showSkybox":false,"showFlares":false,"showImageEffects":false,"showParticleSystems":false},"in2DMode":false,"pivot":{"x":4.100414276123047,"y":15.204302787780762,"z":-0.34563446044921877},"rotation":{"x":0.049961939454078677,"y":0.9383189678192139,"z":-0.15274812281131745,"w":0.3063583970069885},"size":29.84821128845215,"orthographic":false}