{"cameraMode":{"drawMode":0,"name":"Shaded","section":"Shading Mode"},"sceneLighting":false,"audioPlay":false,"sceneViewState":{"showFog":false,"showMaterialUpdate":false,"showSkybox":false,"showFlares":false,"showImageEffects":false,"showParticleSystems":false},"in2DMode":false,"pivot":{"x":23.56519889831543,"y":1.213613510131836,"z":1.1828999519348145},"rotation":{"x":0.148019477725029,"y":-0.6691000461578369,"z":0.13833507895469666,"w":0.7151836156845093},"size":2.074223518371582,"orthographic":true}